stacking_weights,model
0.213290496712302,model1
0.786709503287698,model2
